autotuner_id,root_opcode,distinct_choices,distinct_emitter_kinds,emitter_kinds,modal_share_pct,entropy_bits,modal_config,modal_config_id,run1_config_id,run2_config_id,run3_config_id,run4_config_id,run5_config_id
4b1459007e6b,dot,4,1,triton,40.0,1.9219280948873623,"triton(block_m=128,block_n=32,block_k=64,num_warps=4,num_stages=3,num_ctas=1,tma=true)",125c447234d5,470c1a15cf33,125c447234d5,06802a8ad056,125c447234d5,66dc7d7dc185
6cf14d931fee,dot,4,1,triton,40.0,1.9219280948873623,"triton(block_m=16,block_n=16,block_k=32,num_warps=2,num_stages=1,num_ctas=1)",713af33cfea8,463453185048,713af33cfea8,c6109a06f994,713af33cfea8,7ac49795eb7a
22e9f115ca88,add,3,2,block_level/native_emitter,40.0,1.5219280948873621,"block_level(num_warps=4,num_stages=1,num_ctas=1,tiles=8x16)",ec5ecda5b886,1ca4ad8b3302,ec5ecda5b886,ec5ecda5b886,b9a30111d616,b9a30111d616
705dc5d084bb,dot,3,1,triton,40.0,1.5219280948873621,"triton(block_m=64,block_n=64,block_k=16,num_warps=2,num_stages=3,num_ctas=1)",f87e63d7ef70,f87e63d7ef70,470c1a15cf33,f87e63d7ef70,a9363bccc9ef,470c1a15cf33
959b956ca811,reduce,3,2,block_level/native_emitter,40.0,1.5219280948873621,native_emitter,b9a30111d616,b9a30111d616,311b24ee43d0,61fff816610b,311b24ee43d0,b9a30111d616
db4c958a7aec,reduce,3,2,block_level/native_emitter,40.0,1.5219280948873621,"block_level(num_warps=2,num_stages=1,num_ctas=1,tma=true,tiles=8)",839244672953,47dacba6fef8,839244672953,b9a30111d616,b9a30111d616,839244672953
f39730ad0cf2,reduce,3,2,block_level/native_emitter,40.0,1.5219280948873621,"block_level(num_warps=1,num_stages=1,num_ctas=1,tiles=1)",1d7c771278ca,1d7c771278ca,b9a30111d616,6478ed58f918,1d7c771278ca,b9a30111d616
06f33abbb46c,reduce,3,2,block_level/native_emitter,60.0,1.3709505944546687,native_emitter,b9a30111d616,b9a30111d616,6478ed58f918,1d7c771278ca,b9a30111d616,b9a30111d616
29ce5c6de861,reduce,3,2,block_level/native_emitter,60.0,1.3709505944546687,native_emitter,b9a30111d616,b9a30111d616,b9a30111d616,b9a30111d616,70a601a728c6,334da2282c18
313584465690,reduce,3,2,block_level/native_emitter,60.0,1.3709505944546687,native_emitter,b9a30111d616,b9a30111d616,b9a30111d616,17a52d51c960,7f3ce5435cb4,b9a30111d616
4c5d36b69d91,slice,3,2,block_level/native_emitter,60.0,1.3709505944546687,"block_level(num_warps=4,num_stages=1,num_ctas=1,tiles=1x256)",4696f2c6943c,4696f2c6943c,5ea73922eee1,4696f2c6943c,4696f2c6943c,b9a30111d616
5b84ee8ef033,convert,3,1,gemm,60.0,1.3709505944546687,gemm,2c3d0e4b5b96,2c3d0e4b5b96,2c3d0e4b5b96,e9ba3719df8b,a61a29c65cb6,2c3d0e4b5b96
6a75bc8a0369,dot,3,1,gemm,60.0,1.3709505944546687,gemm(algorithm=2),e9ba3719df8b,e9ba3719df8b,e9ba3719df8b,e9ba3719df8b,a61a29c65cb6,fb1fac6bcf48
7add2ed89b38,reduce,3,2,block_level/native_emitter,60.0,1.3709505944546687,native_emitter,b9a30111d616,9c283fc7a72a,13d0280133c5,b9a30111d616,b9a30111d616,b9a30111d616
9611b72c5cc7,convert,3,2,block_level/native_emitter,60.0,1.3709505944546687,native_emitter,b9a30111d616,b9a30111d616,b9a30111d616,0fd413e902dc,1bf44f67b026,b9a30111d616
a401f0a53b68,maximum,3,1,triton,60.0,1.3709505944546687,"triton(block_m=16,block_n=16,block_k=128,num_warps=2,num_stages=1,num_ctas=1)",c15a734d4585,9565871abe88,c15a734d4585,470c1a15cf33,c15a734d4585,c15a734d4585
ae4c9234ed3c,reduce,3,2,block_level/native_emitter,60.0,1.3709505944546687,native_emitter,b9a30111d616,b9a30111d616,b9a30111d616,d9cc8bd8f8f1,8e410bde1c56,b9a30111d616
10871dcb33aa,reduce,2,2,block_level/native_emitter,60.0,0.9709505944546686,native_emitter,b9a30111d616,b9a30111d616,b9a30111d616,8fd98f9fbd83,b9a30111d616,8fd98f9fbd83
4151a2b24834,bitcast,2,1,gemm,60.0,0.9709505944546686,gemm,2c3d0e4b5b96,e9ba3719df8b,2c3d0e4b5b96,2c3d0e4b5b96,2c3d0e4b5b96,e9ba3719df8b
739fc88fafaf,convert,2,1,gemm,60.0,0.9709505944546686,gemm(algorithm=3),488b3a29e726,488b3a29e726,488b3a29e726,a61a29c65cb6,a61a29c65cb6,488b3a29e726
75cd687867f8,reduce,2,1,block_level,60.0,0.9709505944546686,"block_level(num_warps=8,num_stages=1,num_ctas=1,tiles=1x256)",252a868100dd,1b96a507b4c7,252a868100dd,252a868100dd,1b96a507b4c7,252a868100dd
75f28a9feb8b,reduce,2,2,block_level/native_emitter,60.0,0.9709505944546686,native_emitter,b9a30111d616,b9a30111d616,59f42eb0fc5a,59f42eb0fc5a,b9a30111d616,b9a30111d616
7d624e336029,reduce,2,2,block_level/native_emitter,60.0,0.9709505944546686,native_emitter,b9a30111d616,b9a30111d616,b9a30111d616,311b24ee43d0,b9a30111d616,311b24ee43d0
802a16832cf5,reduce,2,2,block_level/native_emitter,60.0,0.9709505944546686,"block_level(num_warps=4,num_stages=1,num_ctas=1,tiles=8x4)",12f2ab562735,12f2ab562735,12f2ab562735,b9a30111d616,12f2ab562735,b9a30111d616
a1eff404e9a2,reduce,2,2,block_level/native_emitter,60.0,0.9709505944546686,native_emitter,b9a30111d616,b9a30111d616,b9a30111d616,1d7c771278ca,b9a30111d616,1d7c771278ca
b1dbb8d8b9a7,slice,2,2,block_level/native_emitter,60.0,0.9709505944546686,native_emitter,b9a30111d616,b9a30111d616,9f43ffc9329f,b9a30111d616,b9a30111d616,9f43ffc9329f
f58fdfd4d359,unknown,2,2,block_level/native_emitter,60.0,0.9709505944546686,"block_level(num_warps=1,num_stages=1,num_ctas=1,tiles=1x128)",06a5b0a493b1,06a5b0a493b1,06a5b0a493b1,b9a30111d616,06a5b0a493b1,b9a30111d616
fe18ede0cc9c,unknown,2,2,block_level/native_emitter,60.0,0.9709505944546686,native_emitter,b9a30111d616,b9a30111d616,b9a30111d616,06a5b0a493b1,b9a30111d616,06a5b0a493b1
0e727aa04b98,bitcast,2,1,triton,80.0,0.7219280948873623,"triton(block_m=64,block_n=8,block_k=128,num_warps=2,num_stages=3,num_ctas=1,tma=true)",db730ddf9a74,db730ddf9a74,db730ddf9a74,db730ddf9a74,edaff9fc6510,db730ddf9a74
10748cc9fe91,convert,2,2,block_level/native_emitter,80.0,0.7219280948873623,native_emitter,b9a30111d616,8db73dcc0a6c,b9a30111d616,b9a30111d616,b9a30111d616,b9a30111d616
14f610826a7b,dot,2,1,gemm,80.0,0.7219280948873623,gemm,2c3d0e4b5b96,a61a29c65cb6,2c3d0e4b5b96,2c3d0e4b5b96,2c3d0e4b5b96,2c3d0e4b5b96
28f41183ad39,reduce,2,2,block_level/native_emitter,80.0,0.7219280948873623,native_emitter,b9a30111d616,dc552647cada,b9a30111d616,b9a30111d616,b9a30111d616,b9a30111d616
40282545a95d,reduce,2,2,block_level/native_emitter,80.0,0.7219280948873623,native_emitter,b9a30111d616,b9a30111d616,b9a30111d616,61fff816610b,b9a30111d616,b9a30111d616
4c0b5c841af2,convert,2,1,triton,80.0,0.7219280948873623,"triton(block_m=128,block_n=128,block_k=64,num_warps=4,num_stages=4,num_ctas=1,tma=true)",653ea87789a5,653ea87789a5,653ea87789a5,653ea87789a5,653ea87789a5,a8d430d9d282
542747a739cc,convert,2,1,gemm,80.0,0.7219280948873623,gemm(algorithm=3),488b3a29e726,488b3a29e726,a61a29c65cb6,488b3a29e726,488b3a29e726,488b3a29e726
552c9027431b,reduce,2,2,block_level/native_emitter,80.0,0.7219280948873623,native_emitter,b9a30111d616,b9a30111d616,b9a30111d616,7f3ce5435cb4,b9a30111d616,b9a30111d616
574685ffb4cb,reduce,2,2,block_level/native_emitter,80.0,0.7219280948873623,native_emitter,b9a30111d616,b9a30111d616,b9a30111d616,59f42eb0fc5a,b9a30111d616,b9a30111d616
5922efe6bb23,reduce,2,2,block_level/native_emitter,80.0,0.7219280948873623,native_emitter,b9a30111d616,b9a30111d616,b9a30111d616,b9a30111d616,b9a30111d616,7f3ce5435cb4
76f85f9a8e67,multiply,2,1,gemm,80.0,0.7219280948873623,gemm,2c3d0e4b5b96,2c3d0e4b5b96,2c3d0e4b5b96,2c3d0e4b5b96,fb1fac6bcf48,2c3d0e4b5b96
8165d22ee985,reduce,2,2,block_level/native_emitter,80.0,0.7219280948873623,native_emitter,b9a30111d616,839244672953,b9a30111d616,b9a30111d616,b9a30111d616,b9a30111d616
837115f2a1c5,dot,2,1,gemm,80.0,0.7219280948873623,gemm,2c3d0e4b5b96,2c3d0e4b5b96,2c3d0e4b5b96,2c3d0e4b5b96,e9ba3719df8b,2c3d0e4b5b96
85fda0c3c68c,convert,2,1,triton,80.0,0.7219280948873623,"triton(block_m=128,block_n=8,block_k=128,num_warps=4,num_stages=3,num_ctas=1,tma=true)",0e35adaaa5d3,0e35adaaa5d3,0e35adaaa5d3,0e35adaaa5d3,649d1c6321fe,0e35adaaa5d3
8ff9398b05bf,dot,2,1,triton,80.0,0.7219280948873623,"triton(block_m=32,block_n=8,block_k=32,num_warps=2,num_stages=4,num_ctas=1)",a6d16a06419a,a6d16a06419a,a6d16a06419a,a6d16a06419a,077ad98130b5,a6d16a06419a
909a7fedd034,dot,2,2,gemm/triton,80.0,0.7219280948873623,gemm,2c3d0e4b5b96,9bebf6a70068,2c3d0e4b5b96,2c3d0e4b5b96,2c3d0e4b5b96,2c3d0e4b5b96
b5b9c8d0a4b1,reduce,2,2,block_level/native_emitter,80.0,0.7219280948873623,native_emitter,b9a30111d616,b9a30111d616,b9a30111d616,b9a30111d616,b9a30111d616,989a0bd0fc32
bf941ac87db2,maximum,2,1,gemm,80.0,0.7219280948873623,gemm,2c3d0e4b5b96,2c3d0e4b5b96,2c3d0e4b5b96,2c3d0e4b5b96,2c3d0e4b5b96,a61a29c65cb6
c05605eb133e,reduce,2,2,block_level/native_emitter,80.0,0.7219280948873623,native_emitter,b9a30111d616,b9a30111d616,b9a30111d616,b9a30111d616,b9a30111d616,59f42eb0fc5a
cc8b2ff3dcd8,dot,2,1,triton,80.0,0.7219280948873623,"triton(block_m=16,block_n=16,block_k=16,num_warps=2,num_stages=1,num_ctas=1)",7bf34fc88f18,b7d5c641fe6d,7bf34fc88f18,7bf34fc88f18,7bf34fc88f18,7bf34fc88f18
d288e59e36d3,dot,2,1,gemm,80.0,0.7219280948873623,gemm(algorithm=1),a61a29c65cb6,a61a29c65cb6,a61a29c65cb6,a61a29c65cb6,d85dfc1e6341,a61a29c65cb6
0039579c8bdf,convert,1,1,native_emitter,100.0,-0.0,native_emitter,b9a30111d616,b9a30111d616,b9a30111d616,b9a30111d616,b9a30111d616,b9a30111d616
00ebeb77de64,add,1,1,native_emitter,100.0,-0.0,native_emitter,b9a30111d616,b9a30111d616,b9a30111d616,b9a30111d616,b9a30111d616,b9a30111d616
01c3dcab5956,exponential,1,1,native_emitter,100.0,-0.0,native_emitter,b9a30111d616,b9a30111d616,b9a30111d616,b9a30111d616,b9a30111d616,b9a30111d616
029dde8c4161,gather,1,1,native_emitter,100.0,-0.0,native_emitter,b9a30111d616,b9a30111d616,b9a30111d616,b9a30111d616,b9a30111d616,b9a30111d616
03bcfc2f4305,reduce,1,1,native_emitter,100.0,-0.0,native_emitter,b9a30111d616,b9a30111d616,b9a30111d616,b9a30111d616,b9a30111d616,b9a30111d616
04448412d3a1,concatenate,1,1,native_emitter,100.0,-0.0,native_emitter,b9a30111d616,b9a30111d616,b9a30111d616,b9a30111d616,b9a30111d616,b9a30111d616
06168e56b730,exponential,1,1,native_emitter,100.0,-0.0,native_emitter,b9a30111d616,b9a30111d616,b9a30111d616,b9a30111d616,b9a30111d616,b9a30111d616
069caa34ac66,unknown,1,1,native_emitter,100.0,-0.0,native_emitter,b9a30111d616,b9a30111d616,b9a30111d616,b9a30111d616,b9a30111d616,b9a30111d616
0722d0ed2df7,dynamic-update-slice,1,1,native_emitter,100.0,-0.0,native_emitter,b9a30111d616,b9a30111d616,b9a30111d616,b9a30111d616,b9a30111d616,b9a30111d616
0902c1115b07,reduce,1,1,native_emitter,100.0,-0.0,native_emitter,b9a30111d616,b9a30111d616,b9a30111d616,b9a30111d616,b9a30111d616,b9a30111d616
0b8fb55e4c0a,convert,1,1,native_emitter,100.0,-0.0,native_emitter,b9a30111d616,b9a30111d616,b9a30111d616,b9a30111d616,b9a30111d616,b9a30111d616
0bee17049343,convert,1,1,native_emitter,100.0,-0.0,native_emitter,b9a30111d616,b9a30111d616,b9a30111d616,b9a30111d616,b9a30111d616,b9a30111d616
0f3b7b06563e,broadcast,1,1,native_emitter,100.0,-0.0,native_emitter,b9a30111d616,b9a30111d616,b9a30111d616,b9a30111d616,b9a30111d616,b9a30111d616
1049326b9cde,concatenate,1,1,native_emitter,100.0,-0.0,native_emitter,b9a30111d616,b9a30111d616,b9a30111d616,b9a30111d616,b9a30111d616,b9a30111d616
10fb0eccc508,power,1,1,native_emitter,100.0,-0.0,native_emitter,b9a30111d616,b9a30111d616,b9a30111d616,b9a30111d616,b9a30111d616,b9a30111d616
119f2da2f051,dynamic-slice,1,1,native_emitter,100.0,-0.0,native_emitter,b9a30111d616,b9a30111d616,b9a30111d616,b9a30111d616,b9a30111d616,b9a30111d616
12594188ab07,convert,1,1,native_emitter,100.0,-0.0,native_emitter,b9a30111d616,b9a30111d616,b9a30111d616,b9a30111d616,b9a30111d616,b9a30111d616
13035abf9f48,broadcast,1,1,native_emitter,100.0,-0.0,native_emitter,b9a30111d616,b9a30111d616,b9a30111d616,b9a30111d616,b9a30111d616,b9a30111d616
1378a1248c5a,reduce,1,1,native_emitter,100.0,-0.0,native_emitter,b9a30111d616,b9a30111d616,b9a30111d616,b9a30111d616,b9a30111d616,b9a30111d616
153fa45914b6,reduce,1,1,native_emitter,100.0,-0.0,native_emitter,b9a30111d616,b9a30111d616,b9a30111d616,b9a30111d616,b9a30111d616,b9a30111d616
19b2bdfb7380,select,1,1,native_emitter,100.0,-0.0,native_emitter,b9a30111d616,b9a30111d616,b9a30111d616,b9a30111d616,b9a30111d616,b9a30111d616
1c453bc029c9,reduce,1,1,native_emitter,100.0,-0.0,native_emitter,b9a30111d616,b9a30111d616,b9a30111d616,b9a30111d616,b9a30111d616,b9a30111d616
1f467b241cd8,convert,1,1,native_emitter,100.0,-0.0,native_emitter,b9a30111d616,b9a30111d616,b9a30111d616,b9a30111d616,b9a30111d616,b9a30111d616
23da3e322930,power,1,1,native_emitter,100.0,-0.0,native_emitter,b9a30111d616,b9a30111d616,b9a30111d616,b9a30111d616,b9a30111d616,b9a30111d616
250a964bb4cf,broadcast,1,1,native_emitter,100.0,-0.0,native_emitter,b9a30111d616,b9a30111d616,b9a30111d616,b9a30111d616,b9a30111d616,b9a30111d616
25cab9438ad1,reduce,1,1,native_emitter,100.0,-0.0,native_emitter,b9a30111d616,b9a30111d616,b9a30111d616,b9a30111d616,b9a30111d616,b9a30111d616
25e71083357a,convert,1,1,native_emitter,100.0,-0.0,native_emitter,b9a30111d616,b9a30111d616,b9a30111d616,b9a30111d616,b9a30111d616,b9a30111d616
278d35eba58e,unknown,1,1,native_emitter,100.0,-0.0,native_emitter,b9a30111d616,b9a30111d616,b9a30111d616,b9a30111d616,b9a30111d616,b9a30111d616
285fb503380c,multiply,1,1,native_emitter,100.0,-0.0,native_emitter,b9a30111d616,b9a30111d616,b9a30111d616,b9a30111d616,b9a30111d616,b9a30111d616
288f9c5462e2,unknown,1,1,native_emitter,100.0,-0.0,native_emitter,b9a30111d616,b9a30111d616,b9a30111d616,b9a30111d616,b9a30111d616,b9a30111d616
28b0baab8467,unknown,1,1,native_emitter,100.0,-0.0,native_emitter,b9a30111d616,b9a30111d616,b9a30111d616,b9a30111d616,b9a30111d616,b9a30111d616
298d06e31a12,reduce,1,1,native_emitter,100.0,-0.0,native_emitter,b9a30111d616,b9a30111d616,b9a30111d616,b9a30111d616,b9a30111d616,b9a30111d616
29c6187f107c,dynamic-slice,1,1,native_emitter,100.0,-0.0,native_emitter,b9a30111d616,b9a30111d616,b9a30111d616,b9a30111d616,b9a30111d616,b9a30111d616
2a70119dcba6,unknown,1,1,native_emitter,100.0,-0.0,native_emitter,b9a30111d616,b9a30111d616,b9a30111d616,b9a30111d616,b9a30111d616,b9a30111d616
2aff1a298611,unknown,1,1,native_emitter,100.0,-0.0,native_emitter,b9a30111d616,b9a30111d616,b9a30111d616,b9a30111d616,b9a30111d616,b9a30111d616
2c330ec8e462,concatenate,1,1,native_emitter,100.0,-0.0,native_emitter,b9a30111d616,b9a30111d616,b9a30111d616,b9a30111d616,b9a30111d616,b9a30111d616
2dd9aa1a9769,convert,1,1,native_emitter,100.0,-0.0,native_emitter,b9a30111d616,b9a30111d616,b9a30111d616,b9a30111d616,b9a30111d616,b9a30111d616
2fb0f306d383,multiply,1,1,native_emitter,100.0,-0.0,native_emitter,b9a30111d616,b9a30111d616,b9a30111d616,b9a30111d616,b9a30111d616,b9a30111d616
31bf62a16d9f,multiply,1,1,native_emitter,100.0,-0.0,native_emitter,b9a30111d616,b9a30111d616,b9a30111d616,b9a30111d616,b9a30111d616,b9a30111d616
328597fff47f,unknown,1,1,native_emitter,100.0,-0.0,native_emitter,b9a30111d616,b9a30111d616,b9a30111d616,b9a30111d616,b9a30111d616,b9a30111d616
329d3230f7bb,dynamic-slice,1,1,native_emitter,100.0,-0.0,native_emitter,b9a30111d616,b9a30111d616,b9a30111d616,b9a30111d616,b9a30111d616,b9a30111d616
33319400a995,bitcast,1,1,triton,100.0,-0.0,"triton(block_m=64,block_n=8,block_k=128,num_warps=4,num_stages=3,num_ctas=1)",edaff9fc6510,edaff9fc6510,edaff9fc6510,edaff9fc6510,edaff9fc6510,edaff9fc6510
33844790f655,unknown,1,1,native_emitter,100.0,-0.0,native_emitter,b9a30111d616,b9a30111d616,b9a30111d616,b9a30111d616,b9a30111d616,b9a30111d616
39960c92d798,exponential,1,1,native_emitter,100.0,-0.0,native_emitter,b9a30111d616,b9a30111d616,b9a30111d616,b9a30111d616,b9a30111d616,b9a30111d616
3e37ee8e77e6,reduce,1,1,native_emitter,100.0,-0.0,native_emitter,b9a30111d616,b9a30111d616,b9a30111d616,b9a30111d616,b9a30111d616,b9a30111d616
410da2ddbff5,broadcast,1,1,native_emitter,100.0,-0.0,native_emitter,b9a30111d616,b9a30111d616,b9a30111d616,b9a30111d616,b9a30111d616,b9a30111d616
431773e2c529,select,1,1,native_emitter,100.0,-0.0,native_emitter,b9a30111d616,b9a30111d616,b9a30111d616,b9a30111d616,b9a30111d616,b9a30111d616
4ba2241c1a92,unknown,1,1,native_emitter,100.0,-0.0,native_emitter,b9a30111d616,b9a30111d616,b9a30111d616,b9a30111d616,b9a30111d616,b9a30111d616
4d366921ba1b,concatenate,1,1,native_emitter,100.0,-0.0,native_emitter,b9a30111d616,b9a30111d616,b9a30111d616,b9a30111d616,b9a30111d616,b9a30111d616
4defa52f5301,unknown,1,1,native_emitter,100.0,-0.0,native_emitter,b9a30111d616,b9a30111d616,b9a30111d616,b9a30111d616,b9a30111d616,b9a30111d616
4e4f56cad41b,slice,1,1,native_emitter,100.0,-0.0,native_emitter,b9a30111d616,b9a30111d616,b9a30111d616,b9a30111d616,b9a30111d616,b9a30111d616
4e6af87c54f9,add,1,1,native_emitter,100.0,-0.0,native_emitter,b9a30111d616,b9a30111d616,b9a30111d616,b9a30111d616,b9a30111d616,b9a30111d616
506da9d41f02,reduce,1,1,native_emitter,100.0,-0.0,native_emitter,b9a30111d616,b9a30111d616,b9a30111d616,b9a30111d616,b9a30111d616,b9a30111d616
5195248cab8e,dynamic-slice,1,1,native_emitter,100.0,-0.0,native_emitter,b9a30111d616,b9a30111d616,b9a30111d616,b9a30111d616,b9a30111d616,b9a30111d616
529b487b2b27,reduce,1,1,native_emitter,100.0,-0.0,native_emitter,b9a30111d616,b9a30111d616,b9a30111d616,b9a30111d616,b9a30111d616,b9a30111d616
54285e77e4d4,gather,1,1,native_emitter,100.0,-0.0,native_emitter,b9a30111d616,b9a30111d616,b9a30111d616,b9a30111d616,b9a30111d616,b9a30111d616
55c1c48a6934,reduce,1,1,native_emitter,100.0,-0.0,native_emitter,b9a30111d616,b9a30111d616,b9a30111d616,b9a30111d616,b9a30111d616,b9a30111d616
563a99e8f57d,reduce,1,1,native_emitter,100.0,-0.0,native_emitter,b9a30111d616,b9a30111d616,b9a30111d616,b9a30111d616,b9a30111d616,b9a30111d616
57cd215827b7,dynamic-slice,1,1,native_emitter,100.0,-0.0,native_emitter,b9a30111d616,b9a30111d616,b9a30111d616,b9a30111d616,b9a30111d616,b9a30111d616
57d61c28dae6,pad,1,1,native_emitter,100.0,-0.0,native_emitter,b9a30111d616,b9a30111d616,b9a30111d616,b9a30111d616,b9a30111d616,b9a30111d616
5a7b4ea93755,unknown,1,1,native_emitter,100.0,-0.0,native_emitter,b9a30111d616,b9a30111d616,b9a30111d616,b9a30111d616,b9a30111d616,b9a30111d616
5c077f97e830,multiply,1,1,native_emitter,100.0,-0.0,native_emitter,b9a30111d616,b9a30111d616,b9a30111d616,b9a30111d616,b9a30111d616,b9a30111d616
5c843fb79c6b,unknown,1,1,native_emitter,100.0,-0.0,native_emitter,b9a30111d616,b9a30111d616,b9a30111d616,b9a30111d616,b9a30111d616,b9a30111d616
5c8e118ee6f0,convert,1,1,native_emitter,100.0,-0.0,native_emitter,b9a30111d616,b9a30111d616,b9a30111d616,b9a30111d616,b9a30111d616,b9a30111d616
5ec905c568ef,convert,1,1,native_emitter,100.0,-0.0,native_emitter,b9a30111d616,b9a30111d616,b9a30111d616,b9a30111d616,b9a30111d616,b9a30111d616
5ef02929a87b,convert,1,1,native_emitter,100.0,-0.0,native_emitter,b9a30111d616,b9a30111d616,b9a30111d616,b9a30111d616,b9a30111d616,b9a30111d616
5f715b2487b6,select,1,1,native_emitter,100.0,-0.0,native_emitter,b9a30111d616,b9a30111d616,b9a30111d616,b9a30111d616,b9a30111d616,b9a30111d616
62aaff81ff20,dot,1,1,gemm,100.0,-0.0,gemm(algorithm=1),a61a29c65cb6,a61a29c65cb6,a61a29c65cb6,a61a29c65cb6,a61a29c65cb6,a61a29c65cb6
636bfcd7c84a,unknown,1,1,native_emitter,100.0,-0.0,native_emitter,b9a30111d616,b9a30111d616,b9a30111d616,b9a30111d616,b9a30111d616,b9a30111d616
642f1716c937,power,1,1,native_emitter,100.0,-0.0,native_emitter,b9a30111d616,b9a30111d616,b9a30111d616,b9a30111d616,b9a30111d616,b9a30111d616
6450aa6644ce,add,1,1,native_emitter,100.0,-0.0,native_emitter,b9a30111d616,b9a30111d616,b9a30111d616,b9a30111d616,b9a30111d616,b9a30111d616
65f9d6c2d663,concatenate,1,1,native_emitter,100.0,-0.0,native_emitter,b9a30111d616,b9a30111d616,b9a30111d616,b9a30111d616,b9a30111d616,b9a30111d616
682fe5a34e97,unknown,1,1,native_emitter,100.0,-0.0,native_emitter,b9a30111d616,b9a30111d616,b9a30111d616,b9a30111d616,b9a30111d616,b9a30111d616
683ac4371690,convert,1,1,native_emitter,100.0,-0.0,native_emitter,b9a30111d616,b9a30111d616,b9a30111d616,b9a30111d616,b9a30111d616,b9a30111d616
6a36b1ae429a,dynamic-update-slice,1,1,native_emitter,100.0,-0.0,native_emitter,b9a30111d616,b9a30111d616,b9a30111d616,b9a30111d616,b9a30111d616,b9a30111d616
722cb4e631be,convert,1,1,native_emitter,100.0,-0.0,native_emitter,b9a30111d616,b9a30111d616,b9a30111d616,b9a30111d616,b9a30111d616,b9a30111d616
72f2a1c49362,multiply,1,1,native_emitter,100.0,-0.0,native_emitter,b9a30111d616,b9a30111d616,b9a30111d616,b9a30111d616,b9a30111d616,b9a30111d616
73d7e91fa906,slice,1,1,native_emitter,100.0,-0.0,native_emitter,b9a30111d616,b9a30111d616,b9a30111d616,b9a30111d616,b9a30111d616,b9a30111d616
742d7db47992,reduce,1,1,native_emitter,100.0,-0.0,native_emitter,b9a30111d616,b9a30111d616,b9a30111d616,b9a30111d616,b9a30111d616,b9a30111d616
76f43fed15fc,select,1,1,native_emitter,100.0,-0.0,native_emitter,b9a30111d616,b9a30111d616,b9a30111d616,b9a30111d616,b9a30111d616,b9a30111d616
7799966c059f,maximum,1,1,native_emitter,100.0,-0.0,native_emitter,b9a30111d616,b9a30111d616,b9a30111d616,b9a30111d616,b9a30111d616,b9a30111d616
78b9cddbd96d,dynamic-update-slice,1,1,native_emitter,100.0,-0.0,native_emitter,b9a30111d616,b9a30111d616,b9a30111d616,b9a30111d616,b9a30111d616,b9a30111d616
79548ab4eb28,unknown,1,1,native_emitter,100.0,-0.0,native_emitter,b9a30111d616,b9a30111d616,b9a30111d616,b9a30111d616,b9a30111d616,b9a30111d616
7ab74c0fd7c0,convert,1,1,native_emitter,100.0,-0.0,native_emitter,b9a30111d616,b9a30111d616,b9a30111d616,b9a30111d616,b9a30111d616,b9a30111d616
7f3f32db58d6,convert,1,1,native_emitter,100.0,-0.0,native_emitter,b9a30111d616,b9a30111d616,b9a30111d616,b9a30111d616,b9a30111d616,b9a30111d616
89f8828cc72b,slice,1,1,native_emitter,100.0,-0.0,native_emitter,b9a30111d616,b9a30111d616,b9a30111d616,b9a30111d616,b9a30111d616,b9a30111d616
8a49fbb80fb0,convert,1,1,native_emitter,100.0,-0.0,native_emitter,b9a30111d616,b9a30111d616,b9a30111d616,b9a30111d616,b9a30111d616,b9a30111d616
8a854d9776ac,power,1,1,native_emitter,100.0,-0.0,native_emitter,b9a30111d616,b9a30111d616,b9a30111d616,b9a30111d616,b9a30111d616,b9a30111d616
8b85e9664cbb,unknown,1,1,native_emitter,100.0,-0.0,native_emitter,b9a30111d616,b9a30111d616,b9a30111d616,b9a30111d616,b9a30111d616,b9a30111d616
8bd20aa915b6,dynamic-slice,1,1,native_emitter,100.0,-0.0,native_emitter,b9a30111d616,b9a30111d616,b9a30111d616,b9a30111d616,b9a30111d616,b9a30111d616
8df7b5476f9d,select,1,1,native_emitter,100.0,-0.0,native_emitter,b9a30111d616,b9a30111d616,b9a30111d616,b9a30111d616,b9a30111d616,b9a30111d616
8ecf0ad4824c,concatenate,1,1,native_emitter,100.0,-0.0,native_emitter,b9a30111d616,b9a30111d616,b9a30111d616,b9a30111d616,b9a30111d616,b9a30111d616
90f97fad2b66,dynamic-slice,1,1,native_emitter,100.0,-0.0,native_emitter,b9a30111d616,b9a30111d616,b9a30111d616,b9a30111d616,b9a30111d616,b9a30111d616
94de69be5fd7,unknown,1,1,native_emitter,100.0,-0.0,native_emitter,b9a30111d616,b9a30111d616,b9a30111d616,b9a30111d616,b9a30111d616,b9a30111d616
9f9a2b76299e,maximum,1,1,native_emitter,100.0,-0.0,native_emitter,b9a30111d616,b9a30111d616,b9a30111d616,b9a30111d616,b9a30111d616,b9a30111d616
a1a4b2865967,maximum,1,1,native_emitter,100.0,-0.0,native_emitter,b9a30111d616,b9a30111d616,b9a30111d616,b9a30111d616,b9a30111d616,b9a30111d616
a5e72c3c7611,add,1,1,native_emitter,100.0,-0.0,native_emitter,b9a30111d616,b9a30111d616,b9a30111d616,b9a30111d616,b9a30111d616,b9a30111d616
a6dd70f0f19d,convert,1,1,native_emitter,100.0,-0.0,native_emitter,b9a30111d616,b9a30111d616,b9a30111d616,b9a30111d616,b9a30111d616,b9a30111d616
a728c5805032,power,1,1,native_emitter,100.0,-0.0,native_emitter,b9a30111d616,b9a30111d616,b9a30111d616,b9a30111d616,b9a30111d616,b9a30111d616
a7e02c3a81a7,concatenate,1,1,native_emitter,100.0,-0.0,native_emitter,b9a30111d616,b9a30111d616,b9a30111d616,b9a30111d616,b9a30111d616,b9a30111d616
a96be228bf41,multiply,1,1,native_emitter,100.0,-0.0,native_emitter,b9a30111d616,b9a30111d616,b9a30111d616,b9a30111d616,b9a30111d616,b9a30111d616
a96cfbfcf1c4,dynamic-slice,1,1,native_emitter,100.0,-0.0,native_emitter,b9a30111d616,b9a30111d616,b9a30111d616,b9a30111d616,b9a30111d616,b9a30111d616
aa0c909f4733,unknown,1,1,native_emitter,100.0,-0.0,native_emitter,b9a30111d616,b9a30111d616,b9a30111d616,b9a30111d616,b9a30111d616,b9a30111d616
add35e4e73fb,broadcast,1,1,native_emitter,100.0,-0.0,native_emitter,b9a30111d616,b9a30111d616,b9a30111d616,b9a30111d616,b9a30111d616,b9a30111d616
aedafa6db79f,reduce,1,1,native_emitter,100.0,-0.0,native_emitter,b9a30111d616,b9a30111d616,b9a30111d616,b9a30111d616,b9a30111d616,b9a30111d616
b0afd7cc6c3c,reduce,1,1,native_emitter,100.0,-0.0,native_emitter,b9a30111d616,b9a30111d616,b9a30111d616,b9a30111d616,b9a30111d616,b9a30111d616
b20c6291662c,select,1,1,native_emitter,100.0,-0.0,native_emitter,b9a30111d616,b9a30111d616,b9a30111d616,b9a30111d616,b9a30111d616,b9a30111d616
b41fe96a68b0,gather,1,1,native_emitter,100.0,-0.0,native_emitter,b9a30111d616,b9a30111d616,b9a30111d616,b9a30111d616,b9a30111d616,b9a30111d616
b53d81fb94b9,gather,1,1,native_emitter,100.0,-0.0,native_emitter,b9a30111d616,b9a30111d616,b9a30111d616,b9a30111d616,b9a30111d616,b9a30111d616
b5409b54cfd7,multiply,1,1,native_emitter,100.0,-0.0,native_emitter,b9a30111d616,b9a30111d616,b9a30111d616,b9a30111d616,b9a30111d616,b9a30111d616
b635cb49e5ee,broadcast,1,1,native_emitter,100.0,-0.0,native_emitter,b9a30111d616,b9a30111d616,b9a30111d616,b9a30111d616,b9a30111d616,b9a30111d616
b6fe73ccc537,dynamic-update-slice,1,1,native_emitter,100.0,-0.0,native_emitter,b9a30111d616,b9a30111d616,b9a30111d616,b9a30111d616,b9a30111d616,b9a30111d616
ba6ac97dd595,unknown,1,1,native_emitter,100.0,-0.0,native_emitter,b9a30111d616,b9a30111d616,b9a30111d616,b9a30111d616,b9a30111d616,b9a30111d616
bc03e7a76fe1,convert,1,1,gemm,100.0,-0.0,gemm(algorithm=5),bd122f7582d9,bd122f7582d9,bd122f7582d9,bd122f7582d9,bd122f7582d9,bd122f7582d9
be21356efc43,dynamic-update-slice,1,1,native_emitter,100.0,-0.0,native_emitter,b9a30111d616,b9a30111d616,b9a30111d616,b9a30111d616,b9a30111d616,b9a30111d616
bff0d37d145c,convert,1,1,native_emitter,100.0,-0.0,native_emitter,b9a30111d616,b9a30111d616,b9a30111d616,b9a30111d616,b9a30111d616,b9a30111d616
c222139e1a07,compare,1,1,native_emitter,100.0,-0.0,native_emitter,b9a30111d616,b9a30111d616,b9a30111d616,b9a30111d616,b9a30111d616,b9a30111d616
c297c1feac3e,dynamic-slice,1,1,native_emitter,100.0,-0.0,native_emitter,b9a30111d616,b9a30111d616,b9a30111d616,b9a30111d616,b9a30111d616,b9a30111d616
c491d4b2eac2,reduce,1,1,native_emitter,100.0,-0.0,native_emitter,b9a30111d616,b9a30111d616,b9a30111d616,b9a30111d616,b9a30111d616,b9a30111d616
c505636a79e9,select,1,1,native_emitter,100.0,-0.0,native_emitter,b9a30111d616,b9a30111d616,b9a30111d616,b9a30111d616,b9a30111d616,b9a30111d616
c8d9b7782521,maximum,1,1,native_emitter,100.0,-0.0,native_emitter,b9a30111d616,b9a30111d616,b9a30111d616,b9a30111d616,b9a30111d616,b9a30111d616
c9d56e36718e,unknown,1,1,native_emitter,100.0,-0.0,native_emitter,b9a30111d616,b9a30111d616,b9a30111d616,b9a30111d616,b9a30111d616,b9a30111d616
c9eed8ae8707,unknown,1,1,native_emitter,100.0,-0.0,native_emitter,b9a30111d616,b9a30111d616,b9a30111d616,b9a30111d616,b9a30111d616,b9a30111d616
ca318ecb00c4,broadcast,1,1,native_emitter,100.0,-0.0,native_emitter,b9a30111d616,b9a30111d616,b9a30111d616,b9a30111d616,b9a30111d616,b9a30111d616
cc8b9345328e,compare,1,1,native_emitter,100.0,-0.0,native_emitter,b9a30111d616,b9a30111d616,b9a30111d616,b9a30111d616,b9a30111d616,b9a30111d616
cdca90aa8a45,reduce,1,1,native_emitter,100.0,-0.0,native_emitter,b9a30111d616,b9a30111d616,b9a30111d616,b9a30111d616,b9a30111d616,b9a30111d616
cde73e614219,reduce,1,1,native_emitter,100.0,-0.0,native_emitter,b9a30111d616,b9a30111d616,b9a30111d616,b9a30111d616,b9a30111d616,b9a30111d616
d15fe4997db0,reduce,1,1,native_emitter,100.0,-0.0,native_emitter,b9a30111d616,b9a30111d616,b9a30111d616,b9a30111d616,b9a30111d616,b9a30111d616
d28fa8aacb4a,select,1,1,native_emitter,100.0,-0.0,native_emitter,b9a30111d616,b9a30111d616,b9a30111d616,b9a30111d616,b9a30111d616,b9a30111d616
d4c299ad0d54,convert,1,1,native_emitter,100.0,-0.0,native_emitter,b9a30111d616,b9a30111d616,b9a30111d616,b9a30111d616,b9a30111d616,b9a30111d616
d9a36cea59b5,unknown,1,1,native_emitter,100.0,-0.0,native_emitter,b9a30111d616,b9a30111d616,b9a30111d616,b9a30111d616,b9a30111d616,b9a30111d616
dcce395478a0,select,1,1,native_emitter,100.0,-0.0,native_emitter,b9a30111d616,b9a30111d616,b9a30111d616,b9a30111d616,b9a30111d616,b9a30111d616
df3819096a9e,iota,1,1,native_emitter,100.0,-0.0,native_emitter,b9a30111d616,b9a30111d616,b9a30111d616,b9a30111d616,b9a30111d616,b9a30111d616
df782554f7ad,convert,1,1,native_emitter,100.0,-0.0,native_emitter,b9a30111d616,b9a30111d616,b9a30111d616,b9a30111d616,b9a30111d616,b9a30111d616
e190ba349079,reduce,1,1,native_emitter,100.0,-0.0,native_emitter,b9a30111d616,b9a30111d616,b9a30111d616,b9a30111d616,b9a30111d616,b9a30111d616
e316897164d8,concatenate,1,1,native_emitter,100.0,-0.0,native_emitter,b9a30111d616,b9a30111d616,b9a30111d616,b9a30111d616,b9a30111d616,b9a30111d616
e5aaf53fa3c0,reduce,1,1,native_emitter,100.0,-0.0,native_emitter,b9a30111d616,b9a30111d616,b9a30111d616,b9a30111d616,b9a30111d616,b9a30111d616
e61af4ca3625,convert,1,1,native_emitter,100.0,-0.0,native_emitter,b9a30111d616,b9a30111d616,b9a30111d616,b9a30111d616,b9a30111d616,b9a30111d616
e64ce0c05068,dynamic-update-slice,1,1,native_emitter,100.0,-0.0,native_emitter,b9a30111d616,b9a30111d616,b9a30111d616,b9a30111d616,b9a30111d616,b9a30111d616
e6b4dd630b2f,concatenate,1,1,native_emitter,100.0,-0.0,native_emitter,b9a30111d616,b9a30111d616,b9a30111d616,b9a30111d616,b9a30111d616,b9a30111d616
e76caf53c6d5,dot,1,1,gemm,100.0,-0.0,gemm,2c3d0e4b5b96,2c3d0e4b5b96,2c3d0e4b5b96,2c3d0e4b5b96,2c3d0e4b5b96,2c3d0e4b5b96
eacc9b66ea28,unknown,1,1,native_emitter,100.0,-0.0,native_emitter,b9a30111d616,b9a30111d616,b9a30111d616,b9a30111d616,b9a30111d616,b9a30111d616
eb1013483455,unknown,1,1,native_emitter,100.0,-0.0,native_emitter,b9a30111d616,b9a30111d616,b9a30111d616,b9a30111d616,b9a30111d616,b9a30111d616
ecc61a71fccc,dynamic-update-slice,1,1,native_emitter,100.0,-0.0,native_emitter,b9a30111d616,b9a30111d616,b9a30111d616,b9a30111d616,b9a30111d616,b9a30111d616
ef4f013837ac,unknown,1,1,native_emitter,100.0,-0.0,native_emitter,b9a30111d616,b9a30111d616,b9a30111d616,b9a30111d616,b9a30111d616,b9a30111d616
efd6209db78a,power,1,1,native_emitter,100.0,-0.0,native_emitter,b9a30111d616,b9a30111d616,b9a30111d616,b9a30111d616,b9a30111d616,b9a30111d616
f010b426ef32,unknown,1,1,native_emitter,100.0,-0.0,native_emitter,b9a30111d616,b9a30111d616,b9a30111d616,b9a30111d616,b9a30111d616,b9a30111d616
f097511e1ed0,add,1,1,native_emitter,100.0,-0.0,native_emitter,b9a30111d616,b9a30111d616,b9a30111d616,b9a30111d616,b9a30111d616,b9a30111d616
f0f1392ddf5f,reduce,1,1,native_emitter,100.0,-0.0,native_emitter,b9a30111d616,b9a30111d616,b9a30111d616,b9a30111d616,b9a30111d616,b9a30111d616
f1eceb71ddec,unknown,1,1,native_emitter,100.0,-0.0,native_emitter,b9a30111d616,b9a30111d616,b9a30111d616,b9a30111d616,b9a30111d616,b9a30111d616
f8714d33508b,multiply,1,1,native_emitter,100.0,-0.0,native_emitter,b9a30111d616,b9a30111d616,b9a30111d616,b9a30111d616,b9a30111d616,b9a30111d616
f8f16f5c7cc1,unknown,1,1,native_emitter,100.0,-0.0,native_emitter,b9a30111d616,b9a30111d616,b9a30111d616,b9a30111d616,b9a30111d616,b9a30111d616
fe2adae49f95,dynamic-slice,1,1,native_emitter,100.0,-0.0,native_emitter,b9a30111d616,b9a30111d616,b9a30111d616,b9a30111d616,b9a30111d616,b9a30111d616
