group_id,label,runs_present,occurrences_per_run_min,occurrences_per_run_max,candidates,pooled_best_ns,fastest_distinct,fastest_modal_share_pct,ambiguous_pct,top2_margin_median_ns,top2_margin_median_pct,candidate_robust_cv_median_pct,candidate_robust_cv_p90_pct,candidate_robust_cv_max_pct,candidate_span_median_pct,observed_fastest_regret_p95_pct,modal_fastest_config,modal_fastest_config_id
5bf39302c096,gemm_fusion_dot,4,1,1,33,8480.0,3,50.0,50.0,480.0,6.410256410256411,1.4712175317085032,12.63920824291077,18.742301886792454,10.376117604111741,10.952830188679242,"triton(block_m=32,block_n=32,block_k=32,num_warps=2,num_stages=4,num_ctas=1)",470c1a15cf33
abeefd2692f0,loop_add_fusion,4,1,1,3,7648.0,2,50.0,50.0,512.0,7.547169811320755,9.266249999999998,9.793534518828451,9.925355648535565,22.5,0.41841004184100417,"block_level(num_warps=4,num_stages=1,num_ctas=1,tiles=8x16)",ec5ecda5b886
5c4f64e0bf9d,input_reduce_fusion,4,1,1,3,7136.0,2,50.0,50.0,512.0,7.783018867924528,7.313273542600896,9.157580883016823,9.618657718120806,13.191489361702128,0.22421524663677134,"block_level(num_warps=4,num_stages=1,num_ctas=1,tiles=8x4)",12f2ab562735
e99a6d739c72,gemm_fusion_dot,4,1,1,17,6784.0,3,50.0,100.0,0.0,0.0,2.785678496868476,8.918077680525165,10.404210526315788,13.36116910229645,7.264150943396226,"triton(block_m=16,block_n=16,block_k=32,num_warps=2,num_stages=1,num_ctas=1)",713af33cfea8
5de84d060cb4,input_reduce_fusion,4,1,1,3,6816.0,3,50.0,75.0,16.0,0.2145922746781116,0.3480281690140845,8.029874090178655,9.950335570469797,10.328638497652582,4.19014084507042,native_emitter,b9a30111d616
dba4fc041564,input_reduce_fusion,4,1,1,3,7488.0,3,50.0,50.0,352.0,5.099238171611868,3.801538461538461,7.955278280542987,8.993713235294118,12.820512820512821,13.803418803418797,native_emitter,b9a30111d616
e5104ae1b6bd,input_multiply_reduce_fusion,4,2,2,3,6784.0,2,50.0,62.5,32.0,0.4495242702789872,3.984591265397536,7.943634359684374,8.933395133256083,18.365061590145576,10.141509433962264,"block_level(num_warps=1,num_stages=1,num_ctas=1,tiles=1x128)",06a5b0a493b1
0e43a50d41be,input_reduce_fusion,4,1,1,3,7504.0,3,50.0,100.0,16.0,0.21367521367521367,0.6322388059701493,7.4654657252658865,9.17377245508982,1.7057569296375266,6.823027718550106,native_emitter,b9a30111d616
e64652edc910,input_reduce_fusion,4,1,1,3,7136.0,3,50.0,50.0,176.0,2.445818070818071,3.5530718954248366,7.093107652627568,7.97811659192825,10.256410256410257,4.630044843049327,native_emitter,b9a30111d616
26d2d9a85a95,loop_slice_fusion,4,1,1,3,7120.0,3,50.0,50.0,368.0,5.40419648666233,6.996539325842697,6.9988271784732605,6.999399141630901,24.034334763948497,5.2921348314606735,"block_level(num_warps=4,num_stages=1,num_ctas=1,tiles=1x256)",4696f2c6943c
f1501bb69c66,gemm_fusion_dot,4,1,1,49,9568.0,3,50.0,50.0,336.0,3.420195439739414,3.5682310469314076,6.276144778065346,12.041421319796953,8.412483039348711,10.75250836120401,"triton(block_m=128,block_n=32,block_k=64,num_warps=4,num_stages=3,num_ctas=1,tma=true)",125c447234d5
525ec5800687,input_reduce_fusion,4,1,1,3,7152.0,2,50.0,75.0,16.0,0.2347417840375587,0.3161194029850746,5.900754081939297,7.296912751677852,8.955223880597014,5.145413870246085,native_emitter,b9a30111d616
bea3f1c80669,loop_slice_fusion,4,1,1,2,7456.0,2,50.0,50.0,512.0,7.45758292888372,3.8137664390548744,3.8170365496135497,3.8178540772532186,13.504608909025741,0.2145922746781116,"block_level(num_warps=4,num_stages=1,num_ctas=1,tiles=1x512)",9f43ffc9329f
bdec852fbdd2,input_reduce_fusion,4,1,1,3,7504.0,3,50.0,50.0,512.0,7.5249959683921945,0.6308936170212766,2.402238424896792,2.8450746268656713,10.212765957446809,0.21321961620469082,native_emitter,b9a30111d616
cf7fb800d478,gemm_fusion_dot,4,1,1,59,22512.0,3,50.0,50.0,512.0,2.3089065719123525,0.813358477627293,2.3862381829629458,4.068398213146139,1.9200991018891298,4.637526652452023,gemm,0a3b949255c8
468bde6f43fa,input_reduce_fusion,4,3,3,3,7168.0,3,50.0,58.333333333333336,48.0,0.6428597630314369,0.6944262295081967,1.154799592796714,1.2698929336188436,10.304449648711945,4.464285714285714,native_emitter,b9a30111d616
ba1292522168,gemm_fusion_dot,4,1,1,59,15712.0,3,50.0,50.0,544.0,3.477116830810862,0.16294656411636652,0.9797299892236829,12.833095723014255,0.9609447456771236,5.422606924643583,gemm(algorithm=2),bcfe173e7470
40f6afe2bb9f,input_reduce_fusion,4,1,1,3,7504.0,2,50.0,75.0,0.0,0.0,0.6322388059701493,0.8835201016195617,0.9463404255319149,1.279317697228145,0.21321961620469082,native_emitter,b9a30111d616
5a12ed10699f,gemm_fusion_dot,4,1,1,59,61072.0,2,50.0,75.0,16.0,0.02620545073375262,0.03883693583322823,0.3884067653211189,1.1193521675596687,0.8732127567412115,0.026198585276395073,gemm(algorithm=3),5642d1775d40
036aa9c6a36c,input_reduce_fusion,4,3,3,3,6832.0,3,66.66666666666666,91.66666666666666,0.0,0.0,6.6187499999999995,6.883500000000001,6.9496875000000005,10.267857142857142,4.918032786885246,native_emitter,b9a30111d616
640cc50cec46,input_reduce_fusion,4,1,1,3,7136.0,2,75.0,75.0,0.0,0.0,0.6322388059701493,6.2430038150056895,7.645695067264573,10.23454157782516,5.15695067264574,native_emitter,b9a30111d616
0914c842090d,gemm_fusion_dot,4,1,1,31,11232.0,2,75.0,100.0,0.0,0.0,3.2252345343303874,5.759473684210525,9.909908256880733,6.552706552706553,7.877492877492875,gemm,0a3b949255c8
06a26cbe8c10,input_reduce_fusion,4,1,1,3,9568.0,2,75.0,50.0,512.0,5.762711864406779,3.9929508196721306,5.36043631778058,5.702307692307691,12.177985948477751,0.0,"block_level(num_warps=8,num_stages=1,num_ctas=1,tiles=1x256)",252a868100dd
3fa69f132f4e,loop_reduce_fusion,4,4,4,3,7168.0,2,75.0,93.75,0.0,0.0,3.158004484304932,3.7460341572548597,3.893041575492341,9.62800875273523,4.464285714285714,native_emitter,b9a30111d616
d57dea9442aa,input_reduce_fusion,4,2,2,3,7488.0,2,75.0,87.5,16.0,0.211864406779661,3.0685620915032676,3.3240149210210017,3.3878781284004353,5.44069640914037,0.0,native_emitter,b9a30111d616
551c000eae2a,gemm_fusion_dot,4,1,1,59,15872.0,2,75.0,25.0,880.0,5.4793888196464025,0.23970897332255456,3.17532416311625,5.518625626342161,3.967538322813345,8.2258064516129,"triton(block_m=128,block_n=8,block_k=128,num_warps=4,num_stages=3,num_ctas=1,tma=true)",0e35adaaa5d3
4c0414175f2f,gemm_fusion_dot,4,1,1,8,34672.0,2,75.0,0.0,1472.0,4.243438712356796,1.3829087863643412,2.5209044595222703,4.130502321654706,5.612686876291171,4.432395016151359,gemm,0a3b949255c8
516babc24949,gemm_fusion_dot,4,1,1,31,7584.0,2,75.0,0.0,1024.0,13.64611747590471,0.24917647058823528,2.4344827586206894,8.921840707964602,2.0100502512562812,16.318565400843877,gemm,0a3b949255c8
675bb8e05454,gemm_fusion_dot,4,1,1,59,22864.0,2,75.0,0.0,2048.0,8.95731719261131,0.8788129236314677,2.26475763446292,5.662708333333334,2.4679340824314506,6.364590622813154,gemm,0a3b949255c8
d1874441c93b,gemm_fusion_dot,4,1,1,59,61776.0,2,75.0,50.0,512.0,0.8293005317055562,0.747298973056537,1.9125721838241545,1.9432690824980723,2.0816095054695087,0.6604506604506601,gemm(algorithm=3),5642d1775d40
e7d2646c70f8,gemm_fusion_dot,4,1,1,59,62800.0,2,75.0,0.0,2016.0,3.2373120913886018,0.07092083233676154,1.8196167900099516,2.1368977350720657,0.7550146495379761,19.382165605095533,"triton(block_m=128,block_n=128,block_k=64,num_warps=4,num_stages=4,num_ctas=1,tma=true)",653ea87789a5
c265e11d4f5f,gemm_fusion_dot,4,1,1,59,165520.0,2,75.0,50.0,1024.0,0.6223292543060484,0.5962448158853839,1.696753166820455,6.411175425234831,1.2565242605838005,0.008216529724504588,"triton(block_m=64,block_n=8,block_k=128,num_warps=2,num_stages=3,num_ctas=1,tma=true)",db730ddf9a74
26b5fa41fe28,gemm_fusion_dot,4,1,1,59,77296.0,2,75.0,25.0,1024.0,1.3394725826705736,0.46554549437709947,1.6135690444251558,2.0306316467934256,1.4992658839679156,0.5806251293728004,gemm(algorithm=1),6564862ea2b0
d4985923b906,input_reduce_fusion,4,1,1,3,7488.0,2,75.0,75.0,0.0,0.0,0.31679487179487176,0.8236666666666665,0.9503846153846153,1.2820512820512822,0.0,native_emitter,b9a30111d616
ff20d38adb06,gemm_fusion_dot,4,1,1,31,7488.0,2,75.0,50.0,480.0,7.352941176470588,0.3161194029850746,0.6308936170212766,9.450836653386453,0.8528784648187633,0.18162393162393153,"triton(block_m=16,block_n=16,block_k=128,num_warps=2,num_stages=1,num_ctas=1)",c15a734d4585
c4c9b1ed064c,gemm_fusion_dot,4,1,1,47,6784.0,2,75.0,100.0,0.0,0.0,0.0,0.2682955421023665,1.385607476635514,0.36231884057971014,0.0,"triton(block_m=32,block_n=8,block_k=32,num_warps=2,num_stages=4,num_ctas=1)",a6d16a06419a
8de77f14c0f4,gemm_fusion_dot,4,1,1,59,170656.0,1,100.0,0.0,3072.0,1.800000056257034,3.082142663858237,8.999858512919769,11.17182705882353,7.541046944041505,0.0,"triton(block_m=64,block_n=8,block_k=128,num_warps=4,num_stages=3,num_ctas=1)",edaff9fc6510
9b905348bce6,input_reduce_fusion,4,1,1,3,6784.0,1,100.0,75.0,0.0,0.0,7.924810690423162,8.298622515443123,8.392075471698112,25.0,0.0,native_emitter,b9a30111d616
8d0176ea65e5,gemm_fusion_dot,4,1,1,17,7168.0,1,100.0,100.0,0.0,0.0,7.611562499999999,7.611562499999998,7.924810690423162,10.714285714285714,0.0,"triton(block_m=16,block_n=16,block_k=16,num_warps=2,num_stages=1,num_ctas=1)",7bf34fc88f18
7f1351291eba,gemm_fusion_dot,4,1,1,52,11920.0,1,100.0,75.0,0.0,0.0,3.649186035389765,7.509904244538189,7.837533039647576,8.197855413351782,0.0,gemm,0a3b949255c8
61ae4d43f9cb,input_reduce_fusion,4,1,1,3,7136.0,1,100.0,75.0,0.0,0.0,6.98085201793722,7.2337006049297266,7.296912751677852,25.05592841163311,0.0,native_emitter,b9a30111d616
1b661657a02e,input_reduce_fusion,4,1,1,3,6816.0,1,100.0,75.0,0.0,0.0,6.9496875000000005,7.214437500000001,7.280625,13.839285714285714,0.0,native_emitter,b9a30111d616
e12cce866e5e,input_reduce_fusion,4,1,1,3,7136.0,1,100.0,100.0,0.0,0.0,6.965234899328859,6.977728594215548,6.98085201793722,10.738255033557047,0.0,native_emitter,b9a30111d616
91778cca69a3,input_reduce_fusion,4,1,1,3,7168.0,1,100.0,100.0,0.0,0.0,6.9496875000000005,6.949687500000001,6.9496875000000005,10.267857142857142,0.0,native_emitter,b9a30111d616
8dbd5fd79d7c,input_reduce_fusion,4,2,2,3,7488.0,1,100.0,87.5,0.0,0.0,3.3915686274509804,3.5207712418300656,3.5530718954248366,5.446623093681917,0.0,native_emitter,b9a30111d616
b307961385df,gemm_fusion_dot,4,1,1,57,16368.0,1,100.0,100.0,0.0,0.0,1.9483479349186483,3.216071628638867,7.419624664879356,4.325062599590257,0.0,gemm,0a3b949255c8
c818e67c8f6c,gemm_fusion_dot,4,1,1,59,33120.0,1,100.0,0.0,2032.0,6.108612360486424,0.1711477177182788,1.5199013882983639,3.104921465968586,1.0400540447795412,0.0,gemm(algorithm=1),6564862ea2b0
6cb04bf92ea1,gemm_fusion_dot,4,1,1,59,20112.0,1,100.0,25.0,1568.0,7.794446750984781,0.060175549529407124,1.450451533720848,3.345782792665726,1.5892696528204744,0.0,gemm,0a3b949255c8
89b09e7119e3,gemm_fusion_dot,4,1,1,59,70624.0,1,100.0,0.0,2048.0,2.8999236051785875,0.27182155388447493,0.7468059676894404,2.5658006672226854,0.8598516692754905,0.0,gemm(algorithm=5),f1cf9c21fb05
e6106c3f7a6a,loop_convert_fusion,4,1,1,3,7488.0,1,100.0,75.0,0.0,0.0,0.3161194029850746,0.5700956754688097,0.6335897435897435,0.8528784648187633,0.0,native_emitter,b9a30111d616
